Transaction Hash,Status,Method,Blockno,DateTime (UTC),From,From_Nametag,To,To_Nametag,Value,Txn Fee
"0xd195edbf723c32e85d25a15f2547a6e13fed2206604cfa94ce2d6fd5c908414b","Success","Exec Transaction","19515296","2024-03-26 01:18:11","0x23733b909eba1bfded9512271649cb5ecf4250c2","","0x677FD4Ed8aE623f2f625DEB2D64F2070E46cA1A1","","0 ETH","0.00132845"
"0x85be67f60515dfce86826b6e282997028a72977998aaa993c6bddd9e2ae01d32","Success","Exec Transaction","19512409","2024-03-25 15:34:35","0xf501571fe00ee6f91997d771cc2816336ddbb480","","0x677FD4Ed8aE623f2f625DEB2D64F2070E46cA1A1","","0 ETH","0.00450362"
"0xd18233422bcb2984a3b922aa4d601e5928b851f7f7882bfd6801aded4478ef47","Success","Exec Transaction","19485533","2024-03-21 20:53:47","0x5d0306662ec4ae089f85dd4b26cd93948fac5a57","","0x677FD4Ed8aE623f2f625DEB2D64F2070E46cA1A1","","0 ETH","0.00352264"
"0xfd9fd6e3e3f172b1b7e539664ccc64d0caf01b51bdcb28545270ebe58c16effa","Success","Exec Transaction","19479227","2024-03-20 23:37:23","0x5d0306662ec4ae089f85dd4b26cd93948fac5a57","","0x677FD4Ed8aE623f2f625DEB2D64F2070E46cA1A1","","0 ETH","0.00401606"
"0xa7298584007f2e66c314b0ece7f1f720f2583dbab93f9f75982bcae8d648ed6c","Success","Exec Transaction","19472294","2024-03-20 00:16:11","0x5d0306662ec4ae089f85dd4b26cd93948fac5a57","","0x677FD4Ed8aE623f2f625DEB2D64F2070E46cA1A1","","0 ETH","0.00235425"
"0x7c968c5348c0b45f1470d3fc1a445bb0b3a482b03109c7ff1c259dbb3905254b","Success","Exec Transaction","19462950","2024-03-18 16:45:59","0x71b11397cd43db712d36fe519a32352101f147a1","","0x677FD4Ed8aE623f2f625DEB2D64F2070E46cA1A1","","0 ETH","0.00350108"
"0xb503da787b91a2d5fbf293537652887aa6076b2b427f0492849f92fcff64e4d4","Success","Exec Transaction","19462683","2024-03-18 15:52:11","0x26621f75cecad3501202961e81f74b648f9dce80","","0x677FD4Ed8aE623f2f625DEB2D64F2070E46cA1A1","","0 ETH","0.00410072"
"0x37e4345f7ccf2e8acc30119a0fdb960a032a086e1572ab2b94b2c89ec1e5080e","Error in Main Txn : execution reverted","Exec Transaction","19422399","2024-03-12 23:52:11","0xf501571fe00ee6f91997d771cc2816336ddbb480","","0x677FD4Ed8aE623f2f625DEB2D64F2070E46cA1A1","","0 ETH","0.00195522"
"0x7c0bdf7eec0041e2e3a7e6aa188992c44087f4939fef9c83b327e010f0ef6d85","Success","Exec Transaction","19420315","2024-03-12 16:53:23","0x60f030d621a4ab27dff024a8e43eb36e2d95fb02","","0x677FD4Ed8aE623f2f625DEB2D64F2070E46cA1A1","","0 ETH","0.00856221"
"0xd13f3f0ca19d8e29deeb4d88a610e008763718bd7f4e770e00cbd93d5f9a4038","Success","Exec Transaction","19278961","2024-02-21 22:20:11","0x23733b909eba1bfded9512271649cb5ecf4250c2","","0x677FD4Ed8aE623f2f625DEB2D64F2070E46cA1A1","","0 ETH","0.00369122"
"0x3bd3a2d818abe0bdbeeccf663e20d2b0577517d8c094747e3f1e9aa1e28e7447","Success","Exec Transaction","19129020","2024-01-31 21:03:59","0xa640c948d75d458d74413172aabb4a69b1aa3976","","0x677FD4Ed8aE623f2f625DEB2D64F2070E46cA1A1","","0 ETH","0.00167801"
"0x170a33902bd315088ed2e7b2caa91759cd650d7e6e1148bf5f556de2f90aebbf","Success","Exec Transaction","19128748","2024-01-31 20:09:35","0xf501571fe00ee6f91997d771cc2816336ddbb480","","0x677FD4Ed8aE623f2f625DEB2D64F2070E46cA1A1","","0 ETH","0.00248766"
"0x1cd08eb9cbc8d91f1066c8639c33c53336472746932fd495f517aee82cdf506f","Success","Exec Transaction","19034836","2024-01-18 16:07:59","0x5d0306662ec4ae089f85dd4b26cd93948fac5a57","","0x677FD4Ed8aE623f2f625DEB2D64F2070E46cA1A1","","0 ETH","0.00321156"
"0xd1cc6d4954119b38c191d64982c808053aa175d88458c7b80cd92d532c2dd404","Success","Exec Transaction","19034828","2024-01-18 16:06:23","0x5d0306662ec4ae089f85dd4b26cd93948fac5a57","","0x677FD4Ed8aE623f2f625DEB2D64F2070E46cA1A1","","0 ETH","0.00328626"
"0x8804b364466428c36da6f884f0ebbc50c906e9cbb6340c64700dac823871b63e","Success","Exec Transaction","19034194","2024-01-18 13:58:23","0x23733b909eba1bfded9512271649cb5ecf4250c2","","0x677FD4Ed8aE623f2f625DEB2D64F2070E46cA1A1","","0 ETH","0.00242109"
"0xf04031a7b4e61ae6954655a2c72438c02babaf38e8bcf4d05bbe348b84e59d1c","Success","Exec Transaction","19034179","2024-01-18 13:55:23","0x23733b909eba1bfded9512271649cb5ecf4250c2","","0x677FD4Ed8aE623f2f625DEB2D64F2070E46cA1A1","","0 ETH","0.00258608"
"0xa78242a58568ffb70e1c230f8e59302169ea262f9db2ae9b8080154787331b9b","Success","Exec Transaction","19034152","2024-01-18 13:49:47","0x71b11397cd43db712d36fe519a32352101f147a1","","0x677FD4Ed8aE623f2f625DEB2D64F2070E46cA1A1","","0 ETH","0.00273895"
"0x3801e2e75aa2cc5c31e56bc072f6aba2cb376657f50dce72d0e3b18bceae4218","Success","Exec Transaction","19034140","2024-01-18 13:47:23","0x71b11397cd43db712d36fe519a32352101f147a1","","0x677FD4Ed8aE623f2f625DEB2D64F2070E46cA1A1","","0 ETH","0.00299309"
"0xb5be078897fcbd93d8acab85079e8d3634d5e922e1e0408e2a9748fd2abbb2a4","Success","Exec Transaction","19034076","2024-01-18 13:34:11","0xf501571fe00ee6f91997d771cc2816336ddbb480","","0x677FD4Ed8aE623f2f625DEB2D64F2070E46cA1A1","","0 ETH","0.00164696"
"0xd45ed5812b02303012c514d9a9a43ea498989e5dd2307ba2120a819d76bfd853","Success","Exec Transaction","19033593","2024-01-18 11:56:59","0x71b11397cd43db712d36fe519a32352101f147a1","","0x677FD4Ed8aE623f2f625DEB2D64F2070E46cA1A1","","0 ETH","0.00288033"
"0x6edd6c5a2808201efee818d87c1220cdb376bdf725a9e3ddf834a56c3468c59e","Success","Exec Transaction","19033500","2024-01-18 11:38:11","0xf501571fe00ee6f91997d771cc2816336ddbb480","","0x677FD4Ed8aE623f2f625DEB2D64F2070E46cA1A1","","0 ETH","0.00337097"
"0x32c7b2fc7d277925a3f33a001e5a266d74d4515617a3741b00a96db1767c6e6f","Success","Exec Transaction","19033461","2024-01-18 11:30:11","0xf501571fe00ee6f91997d771cc2816336ddbb480","","0x677FD4Ed8aE623f2f625DEB2D64F2070E46cA1A1","","0 ETH","0.00257214"
"0x54878bf80c1d9d505f85264cd88ce7b533129bd0e8d2384da8b17149d881b766","Success","Exec Transaction","19033393","2024-01-18 11:16:35","0x71b11397cd43db712d36fe519a32352101f147a1","","0x677FD4Ed8aE623f2f625DEB2D64F2070E46cA1A1","","0 ETH","0.00279987"
"0x7e56c90256019db5d13b6fe1a2592535dd8f59448d413e4d6473f7f8d0949609","Success","Exec Transaction","19033316","2024-01-18 11:01:11","0xf501571fe00ee6f91997d771cc2816336ddbb480","","0x677FD4Ed8aE623f2f625DEB2D64F2070E46cA1A1","","0 ETH","0.00327666"
"0xbc16a5548b94e03a2ef055e408e7aabc8ce7390094447e8eecfbd423051ff660","Success","Exec Transaction","19033309","2024-01-18 10:59:35","0xf501571fe00ee6f91997d771cc2816336ddbb480","","0x677FD4Ed8aE623f2f625DEB2D64F2070E46cA1A1","","0 ETH","0.00282914"